BusinessPartner,AddressID,ValidityStartDate,ValidityEndDate,AuthorizationGroup,AddressUUID,AdditionalStreetPrefixName,AdditionalStreetSuffixName,AddressTimeZone,CareOfName,CityCode,CityName,CompanyPostalCode,Country,County,DeliveryServiceNumber,DeliveryServiceTypeCode,District,FormOfAddress,FullName,HomeCityName,HouseNumber,HouseNumberSupplementText,Language,POBox,POBoxDeviatingCityName,POBoxDeviatingCountry,POBoxDeviatingRegion,POBoxIsWithoutNumber,POBoxLobbyName,POBoxPostalCode,Person,PostalCode,PrfrdCommMediumType,Region,StreetName,StreetPrefixName,StreetSuffixName,TaxJurisdiction,TransportZone,AddressIDByExternalSystem,CountyCode,TownshipCode,TownshipName
11,27512,2018-05-25T00:00:00Z,9999-12-31T23:59:59Z,,00163e37-bedf-1ed8-9884-04cbb7179ca0,,,CET,,,,,DE,,,,,0003,Cust15 Cust15,,123,,EN,06037,,,,false,,06037,,10115,,,Berlin,,,,,,,,
202,35418,2020-09-18T00:00:00Z,9999-12-31T23:59:59Z,,fa163e6c-c3e1-1eea-beb3-f7d2222dde1f,,,EST,,,Atlanta,,US,,,,,0003,Nue tech inc,,,,EN,,,,,false,,,,30315-1402,,GA,,,,GA00000000,,,,,
203,35420,2020-09-18T00:00:00Z,9999-12-31T23:59:59Z,,fa163e6c-c3e1-1eea-beb4-65445cb93f18,,,EST,,,gladstone,,US,,,,,0003,Expo technologies Plc,,,,EN,,,,,false,,,,49837-9458,,MI,,,,MI00000000,,,,,
1018,30662,2018-10-29T00:00:00Z,9999-12-31T23:59:59Z,,00163e37-bedf-1ee8-b6e7-c707159983a9,,,CET,,,Neckarsulm,,DE,,,,,0003,Bechtle AG Kriek street,,1,,EN,,,,,false,,,,74172,,,Bechtleplatz,,,,,,,,
1710,54610,2021-12-15T00:00:00Z,9999-12-31T23:59:59Z,,fa163e6c-c3e1-1eec-97b1-57bbfdfa7a45,,,CST,,,New York,,US,,,,,0003,Inlandskunde DE 80,,,,EN,,,,,false,,,,10029,,NY,New Avenue,,,,,,,,
