ObjectID,EmployeeID,EmployeeUUID,FormattedName,Email
00163E03A0701EE288BA37FB8F5F50A9,E1000,00163E03-A070-1EE2-88BA-37FB8F5F50A9,Mike Summers,ussalesrep01@sap.com
00163E03A0701EE288BA384A3440D0AA,E1001,00163E03-A070-1EE2-88BA-384A3440D0AA,Phil Hughes,USSalesrep02@ondemand.com
00163E03A0701EE288BA387992C810AA,E1002,00163E03-A070-1EE2-88BA-387992C810AA,Diane Williams,USSalesrep03@ondemand.com
00163E03A0701EE288BA38B0378950AA,E1003,00163E03-A070-1EE2-88BA-38B0378950AA,John Kim,USSalesrep04@ondemand.com
00163E03A0701EE288BA38E292E250AA,E1004,00163E03-A070-1EE2-88BA-38E292E250AA,Bob Menson,USSalesrep05@ondemand.com
00163E03A0701EE288BA39174566D0B3,E1005,00163E03-A070-1EE2-88BA-39174566D0B3,Kate Jacob,ussalesman@ondemand.com
00163E03A0701EE288BA39361729B0B4,E1006,00163E03-A070-1EE2-88BA-39361729B0B4,USRock Star1,USRockstar01@ondemand.com
00163E03A0701EE288BA398C9CBBB0B5,E1007,00163E03-A070-1EE2-88BA-398C9CBBB0B5,USRock Star2,USRockstar02@ondemand.com
00163E03A0701EE288BA39BD20DA50B5,E1008,00163E03-A070-1EE2-88BA-39BD20DA50B5,Eddie Smoke,administration01@ondemand.com
00163E03A0701EE288BA39EF6CF190B5,E1009,00163E03-A070-1EE2-88BA-39EF6CF190B5,Michael Johnes,USSalesOps@ondemand.com